{"QuestionText":"Developed by Bjarne Stroustrup, this letter ++ is one of the first computer languages that college students learn","Answer":"C","Topic":"Computer Languages","Points":100,"Chosen":false}
{"QuestionText":"In the acronym for this computer language created at Dartmouth in the 1960s, the first letter stands for Beginner's","Answer":"BASIC","Topic":"Computer Languages","Points":200,"Chosen":false}
{"QuestionText":"Created by Tim Berners-Lee, the language known by these 4 letters is used to create lots of web pages","Answer":"HTML","Topic":"Computer Languages","Points":300,"Chosen":false}
{"QuestionText":"Sharing a name with a type of large snake, this computer language is used in NASA's integrated planning system","Answer":"PYTHON","Topic":"Computer Languages","Points":400,"Chosen":false}
{"QuestionText":"This language is used to power 3 billion devices.","Answer":"JAVA","Topic":"Computer Languages","Points":500,"Chosen":false}
{"QuestionText":"I'm always out & about with my tablet, so I need my Mophie Juice Pack Powerstation, which is an external...","Answer":"CHARGER (OR BATTERY)","Topic":"Computer Stuff","Points":100,"Chosen":false}
{"QuestionText":"Snapchat, an app on which content disappears after a certain time, has one of these for a logo","Answer":"GHOST","Topic":"Computer Stuff","Points":200,"Chosen":false}
{"QuestionText":"It's the adventurous name of the default Mac web browser","Answer":"SAFARI","Topic":"Computer Stuff","Points":300,"Chosen":false}
{"QuestionText":"A single processor sharing multiple jobs is doing this, like when Mom tries to drive & put on makeup","Answer":"MULTITASKING","Topic":"Computer Stuff","Points":400,"Chosen":false}
{"QuestionText":"Before a game's release, Joe Gamer may be asked to play a pre-version, usually referred to by this Greek letter","Answer":"BETA","Topic":"Computer Stuff","Points":500,"Chosen":false}
{"QuestionText":"These plural units of computer processing power stand for floating-point operations per second","Answer":"FLOPS","Topic":"Technology","Points":500,"Chosen":false}
{"QuestionText":"The first atom bomb using this transuranium element was detonated on July 16 1945 in New Mexico","Answer":"PLUTONIUM","Topic":"Technology","Points":400,"Chosen":false}
{"QuestionText":"A basic electronic calculator does multiplication by translating it into a series of this simpler operation","Answer":"ADDITION","Topic":"Technology","Points":300,"Chosen":false}
{"QuestionText":"This machine for patients with faulty kidneys was developed during WWII; today some models fit under an airplane seat","Answer":"DIALYSIS MACHINE","Topic":"Technology","Points":200,"Chosen":false}
{"QuestionText":"The tracks on a printed circuit board are made of this metal","Answer":"COPPER","Topic":"Technology","Points":100,"Chosen":false}
{"QuestionText":"A long lasting storage where the operating system is located.","Answer":"HARD DRIVE","Topic":"Computer Hardware","Points":100,"Chosen":false}
{"QuestionText":"The firmware required to perform hardware initialization during the booting process.","Answer":"BIOS","Topic":"Computer Hardware","Points":200,"Chosen":false}
{"QuestionText":"A short term memory device that allows you to run multiple programs at a time.","Answer":"RAM","Topic":"Computer Hardware","Points":300,"Chosen":false}
{"QuestionText":"It contains just enough energy to save your BIOS settings.","Answer":"CMOS BATTERY","Topic":"Computer Hardware","Points":400,"Chosen":false}
{"QuestionText":"A once common, but obsolete form of external storage.","Answer":"FLOPPY DISK","Topic":"Computer Hardware","Points":500,"Chosen":false}
{"QuestionText":"A big hit with 1960s scientists, the CDC 1604 was one of the first computers with these instead of vacuum tubes","Answer":"TRANSISTORS","Topic":"Computer History","Points":100,"Chosen":false}
{"QuestionText":"Unveiled in 1977, the TRS-80 got its name from the Tandy Corporation & this retail chain where it was sold","Answer":"RADIO SHACK","Topic":"Computer History","Points":200,"Chosen":false}
{"QuestionText":"This removable item used for data storage was introduced in 1971; the first one was 8 inches square","Answer":"FLOPPY DISK","Topic":"Computer History","Points":300,"Chosen":false}
{"QuestionText":"Unlike modern computers that use microprocessors, ENIAC used 18000 of these to process data","Answer":"VACCUM TUBES","Topic":"Computer History","Points":400,"Chosen":false}
{"QuestionText":"The oldest form of data storage","Answer":"PUNCH CARD","Topic":"Computer History","Points":500,"Chosen":false}
{"QuestionText":"The first open source operating system","Answer":"LINUX","Topic":"Software","Points":100,"Chosen":false}
{"QuestionText":"A computer program that operates or controls a particular type of device that is attached to a computer.","Answer":"DEVICE DRIVER ","Topic":"Software","Points":200,"Chosen":false}
{"QuestionText":"A computer program that translates computer code written in a higher level programming language into a lower-level language","Answer":"COMPILER","Topic":"Software","Points":300,"Chosen":false}
{"QuestionText":"Software developed to harm and disrupt computers","Answer":"MALWARE","Topic":"Software","Points":400,"Chosen":false}
{"QuestionText":"The version of windows that intorduced the start button","Answer":"WINDOWS 95","Topic":"Software","Points":500,"Chosen":false}
